{
  "loss": [
    9.9290132522583,
    6.550912380218506,
    4.637421607971191,
    3.3898541927337646,
    2.4938981533050537,
    1.9395052194595337,
    1.5411157608032227,
    1.296534538269043,
    1.0558338165283203,
    0.8978191018104553
  ],
  "plant_output_loss": [
    0.19967778027057648,
    0.03708665072917938,
    0.03902334347367287,
    0.041089385747909546,
    0.02551189623773098,
    0.04452262818813324,
    0.030547259375452995,
    0.037191469222307205,
    0.026140980422496796,
    0.02408674918115139
  ],
  "plant_output_accuracy": [
    0.922459065914154,
    0.9885696768760681,
    0.9857892990112305,
    0.9870250225067139,
    0.9916589260101318,
    0.9854803681373596,
    0.9885696768760681,
    0.988878607749939,
    0.9916589260101318,
    0.9932035803794861
  ],
  "disease_output_loss": [
    0.5829178094863892,
    0.20179924368858337,
    0.19185738265514374,
    0.17465642094612122,
    0.15074612200260162,
    0.1537824124097824,
    0.1463080644607544,
    0.16042819619178772,
    0.12666693329811096,
    0.12722864747047424
  ],
  "disease_output_accuracy": [
    0.7849860787391663,
    0.9317269325256348,
    0.935742974281311,
    0.942539393901825,
    0.9477911591529846,
    0.9437751173973083,
    0.9447019100189209,
    0.9471732974052429,
    0.9527339935302734,
    0.9592214822769165
  ],
  "val_loss": [
    7.939355850219727,
    5.522441864013672,
    3.8318824768066406,
    2.833190441131592,
    2.1532742977142334,
    1.7366598844528198,
    1.3768808841705322,
    1.1401737928390503,
    0.8927292823791504,
    0.8782797455787659
  ],
  "val_plant_output_loss": [
    0.022940199822187424,
    0.042994819581508636,
    0.017692700028419495,
    0.02778581529855728,
    0.046849653124809265,
    0.07015743851661682,
    0.013633920811116695,
    0.029548726975917816,
    0.007524222135543823,
    0.023936878889799118
  ],
  "val_plant_output_accuracy": [
    0.9927745461463928,
    0.9826589822769165,
    0.9942196607589722,
    0.9898843765258789,
    0.9841040372848511,
    0.9783236980438232,
    0.9956647157669067,
    0.986994206905365,
    0.9971098303794861,
    0.9898843765258789
  ],
  "val_disease_output_loss": [
    0.38420620560646057,
    0.26438745856285095,
    0.12282929569482803,
    0.1217070072889328,
    0.13131500780582428,
    0.14135831594467163,
    0.15622837841510773,
    0.11839353293180466,
    0.08034291118383408,
    0.16475726664066315
  ],
  "val_disease_output_accuracy": [
    0.8468208312988281,
    0.9031791687011719,
    0.9566473960876465,
    0.9624277353286743,
    0.9465317726135254,
    0.9523121118545532,
    0.9465317726135254,
    0.9523121118545532,
    0.9710982441902161,
    0.9219653010368347
  ]
}